,date,likes,dislikes,followers,price
0,2019-01-01,9001,401,15002,1000.47
1,2019-01-02,9002,402,15004,999.94
2,2019-01-03,9003,403,15006,999.41
3,2019-01-04,9004,404,15008,998.88
4,2019-01-05,9005,405,15010,998.35
5,2019-01-06,9006,406,15012,997.82
6,2019-01-07,9007,407,15014,997.29
7,2019-01-08,9008,408,15016,996.76
8,2019-01-09,9009,409,15018,996.23
9,2019-01-10,9010,410,15020,995.7
10,2019-01-11,9011,411,15022,995.17
11,2019-01-12,9012,412,15024,994.64
12,2019-01-13,9013,413,15026,994.11
13,2019-01-14,9014,414,15028,993.58
14,2019-01-15,9015,415,15030,993.05
15,2019-01-16,9016,416,15032,992.52
16,2019-01-17,9017,417,15034,991.99
17,2019-01-18,9018,418,15036,991.46
18,2019-01-19,9019,419,15038,990.93
19,2019-01-20,9020,420,15040,990.4
20,2019-01-21,9021,421,15042,989.87
21,2019-01-22,9022,422,15044,989.34
22,2019-01-23,9023,423,15046,988.81
23,2019-01-24,9024,424,15048,988.28
24,2019-01-25,9025,425,15050,987.75
25,2019-01-26,9026,426,15052,987.22
26,2019-01-27,9027,427,15054,986.69
27,2019-01-28,9028,428,15056,986.16
28,2019-01-29,9029,429,15058,985.63
29,2019-01-30,9030,430,15060,985.1
30,2019-01-31,9031,431,15062,984.57
31,2019-02-01,9032,432,15064,984.04
32,2019-02-02,9033,433,15066,983.51
33,2019-02-03,9034,434,15068,982.98
34,2019-02-04,9035,435,15070,982.45
35,2019-02-05,9036,436,15072,981.92
36,2019-02-06,9037,437,15074,981.39
37,2019-02-07,9038,438,15076,980.86
38,2019-02-08,9039,439,15078,980.33
39,2019-02-09,9040,440,15080,979.8
40,2019-02-10,9041,441,15082,979.27
41,2019-02-11,9042,442,15084,978.74
42,2019-02-12,9043,443,15086,978.21
43,2019-02-13,9044,444,15088,977.68
44,2019-02-14,9045,445,15090,977.15
45,2019-02-15,9046,446,15092,976.62
46,2019-02-16,9047,447,15094,976.09
47,2019-02-17,9048,448,15096,975.56
48,2019-02-18,9049,449,15098,975.03
49,2019-02-19,9050,450,15100,974.5
50,2019-02-20,9051,451,15102,973.97
51,2019-02-21,9052,452,15104,973.44
52,2019-02-22,9053,453,15106,972.91
53,2019-02-23,9054,454,15108,972.38
54,2019-02-24,9055,455,15110,971.85
55,2019-02-25,9056,456,15112,971.32
56,2019-02-26,9057,457,15114,970.79
57,2019-02-27,9058,458,15116,970.26
58,2019-02-28,9059,459,15118,969.73
59,2019-03-01,9060,460,15120,969.2
60,2019-03-02,9061,461,15122,968.67
61,2019-03-03,9062,462,15124,968.14
62,2019-03-04,9063,463,15126,967.61
63,2019-03-05,9064,464,15128,967.08
64,2019-03-06,9065,465,15130,966.55
65,2019-03-07,9066,466,15132,966.02
66,2019-03-08,9067,467,15134,965.49
67,2019-03-09,9068,468,15136,964.96
68,2019-03-10,9069,469,15138,964.43
69,2019-03-11,9070,470,15140,963.9
70,2019-03-12,9071,471,15142,963.37
71,2019-03-13,9072,472,15144,962.84
72,2019-03-14,9073,473,15146,962.31
73,2019-03-15,9074,474,15148,961.78
74,2019-03-16,9075,475,15150,961.25
75,2019-03-17,9076,476,15152,960.72
76,2019-03-18,9077,477,15154,960.19
77,2019-03-19,9078,478,15156,959.66
78,2019-03-20,9079,479,15158,959.13
79,2019-03-21,9080,480,15160,958.6
80,2019-03-22,9081,481,15162,958.07
81,2019-03-23,9082,482,15164,957.54
82,2019-03-24,9083,483,15166,957.01
83,2019-03-25,9084,484,15168,956.48
84,2019-03-26,9085,485,15170,955.95
85,2019-03-27,9086,486,15172,955.42
86,2019-03-28,9087,487,15174,954.89
87,2019-03-29,9088,488,15176,954.36
88,2019-03-30,9089,489,15178,953.83
89,2019-03-31,9090,490,15180,953.3
90,2019-04-01,9091,491,15182,952.77
91,2019-04-02,9092,492,15184,952.24
92,2019-04-03,9093,493,15186,951.71
93,2019-04-04,9094,494,15188,951.18
94,2019-04-05,9095,495,15190,950.65
95,2019-04-06,9096,496,15192,950.12
96,2019-04-07,9097,497,15194,949.59
97,2019-04-08,9098,498,15196,949.06
98,2019-04-09,9099,499,15198,948.53
99,2019-04-10,9100,500,15200,948.0
100,2019-04-11,9101,501,15202,947.47
101,2019-04-12,9102,502,15204,946.94
102,2019-04-13,9103,503,15206,946.41
103,2019-04-14,9104,504,15208,945.88
104,2019-04-15,9105,505,15210,945.35
105,2019-04-16,9106,506,15212,944.82
106,2019-04-17,9107,507,15214,944.29
107,2019-04-18,9108,508,15216,943.76
108,2019-04-19,9109,509,15218,943.23
109,2019-04-20,9110,510,15220,942.7
110,2019-04-21,9111,511,15222,942.17
111,2019-04-22,9112,512,15224,941.64
112,2019-04-23,9113,513,15226,941.11
113,2019-04-24,9114,514,15228,940.58
114,2019-04-25,9115,515,15230,940.05
115,2019-04-26,9116,516,15232,939.52
116,2019-04-27,9117,517,15234,938.99
117,2019-04-28,9118,518,15236,938.46
118,2019-04-29,9119,519,15238,937.93
119,2019-04-30,9120,520,15240,937.4
120,2019-05-01,9121,521,15242,936.87
121,2019-05-02,9122,522,15244,936.34
122,2019-05-03,9123,523,15246,935.81
123,2019-05-04,9124,524,15248,935.28
124,2019-05-05,9125,525,15250,934.75
125,2019-05-06,9126,526,15252,934.22
126,2019-05-07,9127,527,15254,933.69
127,2019-05-08,9128,528,15256,933.16
128,2019-05-09,9129,529,15258,932.63
129,2019-05-10,9130,530,15260,932.1
130,2019-05-11,9131,531,15262,931.57
131,2019-05-12,9132,532,15264,931.04
132,2019-05-13,9133,533,15266,930.51
133,2019-05-14,9134,534,15268,929.98
134,2019-05-15,9135,535,15270,929.45
135,2019-05-16,9136,536,15272,928.92
136,2019-05-17,9137,537,15274,928.39
137,2019-05-18,9138,538,15276,927.86
138,2019-05-19,9139,539,15278,927.33
139,2019-05-20,9140,540,15280,926.8
140,2019-05-21,9141,541,15282,926.27
141,2019-05-22,9142,542,15284,925.74
142,2019-05-23,9143,543,15286,925.21
143,2019-05-24,9144,544,15288,924.68
144,2019-05-25,9145,545,15290,924.15
145,2019-05-26,9146,546,15292,923.62
146,2019-05-27,9147,547,15294,923.09
147,2019-05-28,9148,548,15296,922.56
148,2019-05-29,9149,549,15298,922.03
149,2019-05-30,9150,550,15300,921.5
150,2019-05-31,9151,551,15302,920.97
151,2019-06-01,9152,552,15304,920.44
152,2019-06-02,9153,553,15306,919.91
153,2019-06-03,9154,554,15308,919.38
154,2019-06-04,9155,555,15310,918.85
155,2019-06-05,9156,556,15312,918.32
156,2019-06-06,9157,557,15314,917.79
157,2019-06-07,9158,558,15316,917.26
158,2019-06-08,9159,559,15318,916.73
159,2019-06-09,9160,560,15320,916.2
160,2019-06-10,9161,561,15322,915.67
161,2019-06-11,9162,562,15324,915.14
162,2019-06-12,9163,563,15326,914.61
163,2019-06-13,9164,564,15328,914.08
164,2019-06-14,9165,565,15330,913.55
165,2019-06-15,9166,566,15332,913.02
166,2019-06-16,9167,567,15334,912.49
167,2019-06-17,9168,568,15336,911.96
168,2019-06-18,9169,569,15338,911.43
169,2019-06-19,9170,570,15340,910.9
170,2019-06-20,9171,571,15342,910.37
171,2019-06-21,9172,572,15344,909.84
172,2019-06-22,9173,573,15346,909.31
173,2019-06-23,9174,574,15348,908.78
174,2019-06-24,9175,575,15350,908.25
175,2019-06-25,9176,576,15352,907.72
176,2019-06-26,9177,577,15354,907.19
177,2019-06-27,9178,578,15356,906.66
178,2019-06-28,9179,579,15358,906.13
179,2019-06-29,9180,580,15360,905.6
180,2019-06-30,9181,581,15362,905.07
181,2019-07-01,9182,582,15364,904.54
182,2019-07-02,9183,583,15366,904.01
183,2019-07-03,9184,584,15368,903.48
184,2019-07-04,9185,585,15370,902.95
185,2019-07-05,9186,586,15372,902.42
186,2019-07-06,9187,587,15374,901.89
187,2019-07-07,9188,588,15376,901.36
188,2019-07-08,9189,589,15378,900.83
189,2019-07-09,9190,590,15380,900.3
190,2019-07-10,9191,591,15382,899.77
191,2019-07-11,9192,592,15384,899.24
192,2019-07-12,9193,593,15386,898.71
193,2019-07-13,9194,594,15388,898.18
194,2019-07-14,9195,595,15390,897.65
195,2019-07-15,9196,596,15392,897.12
196,2019-07-16,9197,597,15394,896.59
197,2019-07-17,9198,598,15396,896.06
198,2019-07-18,9199,599,15398,895.53
199,2019-07-19,9200,600,15400,895.0
200,2019-07-20,9201,601,15402,894.47
201,2019-07-21,9202,602,15404,893.94
202,2019-07-22,9203,603,15406,893.41
203,2019-07-23,9204,604,15408,892.88
204,2019-07-24,9205,605,15410,892.35
205,2019-07-25,9206,606,15412,891.82
206,2019-07-26,9207,607,15414,891.29
207,2019-07-27,9208,608,15416,890.76
208,2019-07-28,9209,609,15418,890.23
209,2019-07-29,9210,610,15420,889.7
210,2019-07-30,9211,611,15422,889.17
211,2019-07-31,9212,612,15424,888.64
212,2019-08-01,9213,613,15426,888.11
213,2019-08-02,9214,614,15428,887.58
214,2019-08-03,9215,615,15430,887.05
215,2019-08-04,9216,616,15432,886.52
216,2019-08-05,9217,617,15434,885.99
217,2019-08-06,9218,618,15436,885.46
218,2019-08-07,9219,619,15438,884.93
219,2019-08-08,9220,620,15440,884.4
220,2019-08-09,9221,621,15442,883.87
221,2019-08-10,9222,622,15444,883.34
222,2019-08-11,9223,623,15446,882.81
223,2019-08-12,9224,624,15448,882.28
224,2019-08-13,9225,625,15450,881.75
225,2019-08-14,9226,626,15452,881.22
226,2019-08-15,9227,627,15454,880.69
227,2019-08-16,9228,628,15456,880.16
228,2019-08-17,9229,629,15458,879.63
229,2019-08-18,9230,630,15460,879.1
230,2019-08-19,9231,631,15462,878.57
231,2019-08-20,9232,632,15464,878.04
232,2019-08-21,9233,633,15466,877.51
233,2019-08-22,9234,634,15468,876.98
234,2019-08-23,9235,635,15470,876.45
235,2019-08-24,9236,636,15472,875.92
236,2019-08-25,9237,637,15474,875.39
237,2019-08-26,9238,638,15476,874.86
238,2019-08-27,9239,639,15478,874.33
239,2019-08-28,9240,640,15480,873.8
240,2019-08-29,9241,641,15482,873.27
241,2019-08-30,9242,642,15484,872.74
242,2019-08-31,9243,643,15486,872.21
243,2019-09-01,9244,644,15488,871.68
244,2019-09-02,9245,645,15490,871.15
245,2019-09-03,9246,646,15492,870.62
246,2019-09-04,9247,647,15494,870.09
247,2019-09-05,9248,648,15496,869.56
248,2019-09-06,9249,649,15498,869.03
249,2019-09-07,9250,650,15500,868.5
250,2019-09-08,9251,651,15502,867.97
251,2019-09-09,9252,652,15504,867.44
252,2019-09-10,9253,653,15506,866.91
253,2019-09-11,9254,654,15508,866.38
254,2019-09-12,9255,655,15510,865.85
255,2019-09-13,9256,656,15512,865.32
256,2019-09-14,9257,657,15514,864.79
257,2019-09-15,9258,658,15516,864.26
258,2019-09-16,9259,659,15518,863.73
259,2019-09-17,9260,660,15520,863.2
260,2019-09-18,9261,661,15522,862.67
261,2019-09-19,9262,662,15524,862.14
262,2019-09-20,9263,663,15526,861.61
263,2019-09-21,9264,664,15528,861.08
264,2019-09-22,9265,665,15530,860.55
265,2019-09-23,9266,666,15532,860.02
266,2019-09-24,9267,667,15534,859.49
267,2019-09-25,9268,668,15536,858.96
268,2019-09-26,9269,669,15538,858.43
269,2019-09-27,9270,670,15540,857.9
270,2019-09-28,9271,671,15542,857.37
271,2019-09-29,9272,672,15544,856.84
272,2019-09-30,9273,673,15546,856.31
273,2019-10-01,9277,674,15549,860.59
274,2019-10-02,9281,675,15552,864.89
275,2019-10-03,9285,676,15555,869.21
276,2019-10-04,9289,677,15558,873.56
277,2019-10-05,9293,678,15561,877.93
278,2019-10-06,9297,679,15564,882.32
279,2019-10-07,9301,680,15567,886.73
280,2019-10-08,9305,681,15570,891.16
281,2019-10-09,9309,682,15573,895.62
282,2019-10-10,9313,683,15576,900.1
283,2019-10-11,9317,684,15579,904.6
284,2019-10-12,9321,685,15582,909.12
285,2019-10-13,9325,686,15585,913.67
286,2019-10-14,9329,687,15588,918.24
287,2019-10-15,9333,688,15591,922.83
288,2019-10-16,9337,689,15594,927.44
289,2019-10-17,9341,690,15597,932.08
290,2019-10-18,9345,691,15600,936.74
291,2019-10-19,9349,692,15603,941.42
292,2019-10-20,9353,693,15606,946.13
293,2019-10-21,9357,694,15609,950.86
294,2019-10-22,9361,695,15612,955.61
295,2019-10-23,9365,696,15615,960.39
296,2019-10-24,9369,697,15618,965.19
297,2019-10-25,9373,698,15621,970.02
298,2019-10-26,9377,699,15624,974.87
299,2019-10-27,9381,700,15627,979.74
300,2019-10-28,9385,701,15630,984.64
301,2019-10-29,9389,702,15633,989.56
302,2019-10-30,9393,703,15636,994.51
303,2019-10-31,9397,704,15639,999.48
304,2019-11-01,9401,705,15642,1004.48
305,2019-11-02,9405,706,15645,1009.5
306,2019-11-03,9409,707,15648,1014.55
307,2019-11-04,9413,708,15651,1019.62
308,2019-11-05,9417,709,15654,1024.72
309,2019-11-06,9421,710,15657,1029.84
310,2019-11-07,9425,711,15660,1034.99
311,2019-11-08,9429,712,15663,1040.16
312,2019-11-09,9433,713,15666,1045.36
313,2019-11-10,9437,714,15669,1050.59
314,2019-11-11,9441,715,15672,1055.84
315,2019-11-12,9445,716,15675,1061.12
316,2019-11-13,9449,717,15678,1066.43
317,2019-11-14,9453,718,15681,1071.76
318,2019-11-15,9457,719,15684,1077.12
319,2019-11-16,9461,720,15687,1082.51
320,2019-11-17,9465,721,15690,1087.92
321,2019-11-18,9469,722,15693,1093.36
322,2019-11-19,9473,723,15696,1098.83
323,2019-11-20,9477,724,15699,1104.32
324,2019-11-21,9481,725,15702,1109.84
325,2019-11-22,9485,726,15705,1115.39
326,2019-11-23,9489,727,15708,1120.97
327,2019-11-24,9493,728,15711,1126.57
328,2019-11-25,9497,729,15714,1132.2
329,2019-11-26,9501,730,15717,1137.86
330,2019-11-27,9505,731,15720,1143.55
331,2019-11-28,9509,732,15723,1149.27
332,2019-11-29,9513,733,15726,1155.02
333,2019-11-30,9517,734,15729,1160.8
334,2019-12-01,9521,735,15732,1166.6
335,2019-12-02,9525,736,15735,1172.43
336,2019-12-03,9529,737,15738,1178.29
337,2019-12-04,9533,738,15741,1184.18
338,2019-12-05,9537,739,15744,1190.1
339,2019-12-06,9541,740,15747,1196.05
340,2019-12-07,9545,741,15750,1202.03
341,2019-12-08,9549,742,15753,1208.04
342,2019-12-09,9553,743,15756,1214.08
343,2019-12-10,9557,744,15759,1220.15
344,2019-12-11,9561,745,15762,1226.25
345,2019-12-12,9565,746,15765,1232.38
346,2019-12-13,9569,747,15768,1238.54
347,2019-12-14,9573,748,15771,1244.73
348,2019-12-15,9577,749,15774,1250.95
349,2019-12-16,9581,750,15777,1257.2
350,2019-12-17,9585,751,15780,1263.49
351,2019-12-18,9589,752,15783,1269.81
352,2019-12-19,9593,753,15786,1276.16
353,2019-12-20,9597,754,15789,1282.54
354,2019-12-21,9601,755,15792,1288.95
355,2019-12-22,9605,756,15795,1295.39
356,2019-12-23,9609,757,15798,1301.87
357,2019-12-24,9613,758,15801,1308.38
358,2019-12-25,9617,759,15804,1314.92
359,2019-12-26,9621,760,15807,1321.49
360,2019-12-27,9625,761,15810,1328.1
361,2019-12-28,9629,762,15813,1334.74
362,2019-12-29,9633,763,15816,1341.41
363,2019-12-30,9637,764,15819,1348.12
364,2019-12-31,9641,765,15822,1354.86
365,2020-01-01,9642,766,15824,1364.34
366,2020-01-02,9643,767,15826,1373.89
367,2020-01-03,9644,768,15828,1383.51
368,2020-01-04,9645,769,15830,1393.19
369,2020-01-05,9646,770,15832,1402.94
370,2020-01-06,9647,771,15834,1412.76
371,2020-01-07,9648,772,15836,1422.65
372,2020-01-08,9649,773,15838,1432.61
373,2020-01-09,9650,774,15840,1442.64
374,2020-01-10,9651,775,15842,1452.74
375,2020-01-11,9652,776,15844,1462.91
376,2020-01-12,9653,777,15846,1473.15
377,2020-01-13,9654,778,15848,1483.46
378,2020-01-14,9655,779,15850,1493.84
379,2020-01-15,9656,780,15852,1504.3
380,2020-01-16,9657,781,15854,1514.83
381,2020-01-17,9658,782,15856,1525.43
382,2020-01-18,9659,783,15858,1536.11
383,2020-01-19,9660,784,15860,1546.86
384,2020-01-20,9661,785,15862,1557.69
385,2020-01-21,9662,786,15864,1568.59
386,2020-01-22,9663,787,15866,1579.57
387,2020-01-23,9664,788,15868,1590.63
388,2020-01-24,9665,789,15870,1601.76
389,2020-01-25,9666,790,15872,1612.97
390,2020-01-26,9667,791,15874,1624.26
391,2020-01-27,9668,792,15876,1635.63
392,2020-01-28,9669,793,15878,1647.08
393,2020-01-29,9670,794,15880,1658.61
394,2020-01-30,9671,795,15882,1670.22
395,2020-01-31,9672,796,15884,1681.91
396,2020-02-01,9673,797,15886,1693.68
397,2020-02-02,9674,798,15888,1705.54
398,2020-02-03,9675,799,15890,1717.48
399,2020-02-04,9676,800,15892,1729.5
400,2020-02-05,9677,801,15894,1741.61
401,2020-02-06,9678,802,15896,1753.8
402,2020-02-07,9679,803,15898,1766.08
403,2020-02-08,9680,804,15900,1778.44
404,2020-02-09,9681,805,15902,1790.89
405,2020-02-10,9682,806,15904,1803.43
406,2020-02-11,9683,807,15906,1816.05
407,2020-02-12,9684,808,15908,1828.76
408,2020-02-13,9685,809,15910,1841.56
409,2020-02-14,9686,810,15912,1854.45
410,2020-02-15,9687,811,15914,1867.43
411,2020-02-16,9688,812,15916,1880.5
412,2020-02-17,9689,813,15918,1893.66
413,2020-02-18,9690,814,15920,1906.92
414,2020-02-19,9691,815,15922,1920.27
415,2020-02-20,9692,816,15924,1933.71
416,2020-02-21,9693,817,15926,1947.25
417,2020-02-22,9694,818,15928,1960.88
418,2020-02-23,9695,819,15930,1974.61
419,2020-02-24,9696,820,15932,1988.43
420,2020-02-25,9697,821,15934,2002.35
421,2020-02-26,9698,822,15936,2016.37
422,2020-02-27,9699,823,15938,2030.48
423,2020-02-28,9700,824,15940,2044.69
424,2020-02-29,9701,825,15942,2059.0
425,2020-03-01,9702,826,15944,2073.41
426,2020-03-02,9703,827,15946,2087.92
427,2020-03-03,9704,828,15948,2102.54
428,2020-03-04,9705,829,15950,2117.26
429,2020-03-05,9706,830,15952,2132.08
430,2020-03-06,9707,831,15954,2147.0
431,2020-03-07,9708,832,15956,2162.03
432,2020-03-08,9709,833,15958,2177.16
433,2020-03-09,9710,834,15960,2192.4
434,2020-03-10,9711,835,15962,2207.75
435,2020-03-11,9712,836,15964,2223.2
436,2020-03-12,9713,837,15966,2238.76
437,2020-03-13,9714,838,15968,2254.43
438,2020-03-14,9715,839,15970,2270.21
439,2020-03-15,9716,840,15972,2286.1
440,2020-03-16,9717,841,15974,2302.1
441,2020-03-17,9718,842,15976,2318.21
442,2020-03-18,9719,843,15978,2334.44
443,2020-03-19,9720,844,15980,2350.78
444,2020-03-20,9721,845,15982,2367.24
445,2020-03-21,9722,846,15984,2383.81
446,2020-03-22,9723,847,15986,2400.5
447,2020-03-23,9724,848,15988,2417.3
448,2020-03-24,9725,849,15990,2434.22
449,2020-03-25,9726,850,15992,2451.26
450,2020-03-26,9727,851,15994,2468.42
451,2020-03-27,9728,852,15996,2485.7
452,2020-03-28,9729,853,15998,2503.1
453,2020-03-29,9730,854,16000,2520.62
454,2020-03-30,9731,855,16002,2538.26
455,2020-03-31,9732,856,16004,2556.03
456,2020-04-01,9733,857,16006,2573.92
457,2020-04-02,9734,858,16008,2591.94
458,2020-04-03,9735,859,16010,2610.08
459,2020-04-04,9736,860,16012,2628.35
460,2020-04-05,9737,861,16014,2646.75
461,2020-04-06,9738,862,16016,2665.28
462,2020-04-07,9739,863,16018,2683.94
463,2020-04-08,9740,864,16020,2702.73
464,2020-04-09,9741,865,16022,2721.65
465,2020-04-10,9742,866,16024,2740.7
466,2020-04-11,9743,867,16026,2759.88
467,2020-04-12,9744,868,16028,2779.2
468,2020-04-13,9745,869,16030,2798.65
469,2020-04-14,9746,870,16032,2818.24
470,2020-04-15,9747,871,16034,2837.97
471,2020-04-16,9748,872,16036,2857.84
472,2020-04-17,9749,873,16038,2877.84
473,2020-04-18,9750,874,16040,2897.98
474,2020-04-19,9751,875,16042,2918.27
475,2020-04-20,9752,876,16044,2938.7
476,2020-04-21,9753,877,16046,2959.27
477,2020-04-22,9754,878,16048,2979.98
478,2020-04-23,9755,879,16050,3000.84
479,2020-04-24,9756,880,16052,3021.85
480,2020-04-25,9757,881,16054,3043.0
481,2020-04-26,9758,882,16056,3064.3
482,2020-04-27,9759,883,16058,3085.75
483,2020-04-28,9760,884,16060,3107.35
484,2020-04-29,9761,885,16062,3129.1
485,2020-04-30,9762,886,16064,3151.0
486,2020-05-01,9763,887,16066,3173.06
487,2020-05-02,9764,888,16068,3195.27
488,2020-05-03,9765,889,16070,3217.64
489,2020-05-04,9766,890,16072,3240.16
490,2020-05-05,9767,891,16074,3262.84
491,2020-05-06,9768,892,16076,3285.68
492,2020-05-07,9769,893,16078,3308.68
493,2020-05-08,9770,894,16080,3331.84
494,2020-05-09,9771,895,16082,3355.16
495,2020-05-10,9772,896,16084,3378.65
496,2020-05-11,9773,897,16086,3402.3
497,2020-05-12,9774,898,16088,3426.12
498,2020-05-13,9775,899,16090,3450.1
499,2020-05-14,9776,900,16092,3474.25
500,2020-05-15,9777,901,16094,3498.57
501,2020-05-16,9778,902,16096,3523.06
502,2020-05-17,9779,903,16098,3547.72
503,2020-05-18,9780,904,16100,3572.55
504,2020-05-19,9781,905,16102,3597.56
505,2020-05-20,9782,906,16104,3622.74
506,2020-05-21,9783,907,16106,3648.1
507,2020-05-22,9784,908,16108,3673.64
508,2020-05-23,9785,909,16110,3699.36
509,2020-05-24,9786,910,16112,3725.26
510,2020-05-25,9787,911,16114,3751.34
511,2020-05-26,9788,912,16116,3777.6
512,2020-05-27,9789,913,16118,3804.04
513,2020-05-28,9790,914,16120,3830.67
514,2020-05-29,9791,915,16122,3857.48
515,2020-05-30,9792,916,16124,3884.48
516,2020-05-31,9793,917,16126,3911.67
517,2020-06-01,9794,918,16128,3939.05
518,2020-06-02,9795,919,16130,3966.62
519,2020-06-03,9796,920,16132,3994.39
520,2020-06-04,9797,921,16134,4022.35
521,2020-06-05,9798,922,16136,4050.51
522,2020-06-06,9799,923,16138,4078.86
523,2020-06-07,9800,924,16140,4107.41
524,2020-06-08,9801,925,16142,4136.16
525,2020-06-09,9802,926,16144,4165.11
526,2020-06-10,9803,927,16146,4194.27
527,2020-06-11,9804,928,16148,4223.63
528,2020-06-12,9805,929,16150,4253.2
529,2020-06-13,9806,930,16152,4282.97
530,2020-06-14,9807,931,16154,4312.95
531,2020-06-15,9808,932,16156,4343.14
532,2020-06-16,9809,933,16158,4373.54
533,2020-06-17,9810,934,16160,4404.15
534,2020-06-18,9811,935,16162,4434.98
535,2020-06-19,9812,936,16164,4466.02
536,2020-06-20,9813,937,16166,4497.28
537,2020-06-21,9814,938,16168,4528.76
538,2020-06-22,9815,939,16170,4560.46
539,2020-06-23,9816,940,16172,4592.38
540,2020-06-24,9817,941,16174,4624.53
541,2020-06-25,9818,942,16176,4656.9
542,2020-06-26,9819,943,16178,4689.5
543,2020-06-27,9820,944,16180,4722.33
544,2020-06-28,9821,945,16182,4755.39
545,2020-06-29,9822,946,16184,4788.68
546,2020-06-30,9823,947,16186,4822.2
547,2020-07-01,9824,948,16188,4855.96
548,2020-07-02,9825,949,16190,4889.95
549,2020-07-03,9826,950,16192,4924.18
550,2020-07-04,9827,951,16194,4958.65
551,2020-07-05,9828,952,16196,4993.36
552,2020-07-06,9829,953,16198,5028.31
553,2020-07-07,9830,954,16200,5063.51
554,2020-07-08,9831,955,16202,5098.95
555,2020-07-09,9832,956,16204,5134.64
556,2020-07-10,9833,957,16206,5170.58
557,2020-07-11,9834,958,16208,5206.77
558,2020-07-12,9835,959,16210,5243.22
559,2020-07-13,9836,960,16212,5279.92
560,2020-07-14,9837,961,16214,5316.88
561,2020-07-15,9838,962,16216,5354.1
562,2020-07-16,9839,963,16218,5391.58
563,2020-07-17,9840,964,16220,5429.32
564,2020-07-18,9841,965,16222,5467.33
565,2020-07-19,9842,966,16224,5505.6
566,2020-07-20,9843,967,16226,5544.14
567,2020-07-21,9844,968,16228,5582.95
568,2020-07-22,9845,969,16230,5622.03
569,2020-07-23,9846,970,16232,5661.38
570,2020-07-24,9847,971,16234,5701.01
571,2020-07-25,9848,972,16236,5740.92
572,2020-07-26,9849,973,16238,5781.11
573,2020-07-27,9850,974,16240,5821.58
574,2020-07-28,9851,975,16242,5862.33
575,2020-07-29,9852,976,16244,5903.37
576,2020-07-30,9853,977,16246,5944.69
577,2020-07-31,9854,978,16248,5986.3
578,2020-08-01,9855,979,16250,6028.2
579,2020-08-02,9856,980,16252,6070.4
580,2020-08-03,9857,981,16254,6112.89
581,2020-08-04,9858,982,16256,6155.68
582,2020-08-05,9859,983,16258,6198.77
583,2020-08-06,9860,984,16260,6242.16
584,2020-08-07,9861,985,16262,6285.86
585,2020-08-08,9862,986,16264,6329.86
586,2020-08-09,9863,987,16266,6374.17
587,2020-08-10,9864,988,16268,6418.79
588,2020-08-11,9865,989,16270,6463.72
589,2020-08-12,9866,990,16272,6508.97
590,2020-08-13,9867,991,16274,6554.53
591,2020-08-14,9868,992,16276,6600.41
592,2020-08-15,9869,993,16278,6646.61
593,2020-08-16,9870,994,16280,6693.14
594,2020-08-17,9871,995,16282,6739.99
595,2020-08-18,9872,996,16284,6787.17
596,2020-08-19,9873,997,16286,6834.68
597,2020-08-20,9874,998,16288,6882.52
598,2020-08-21,9875,999,16290,6930.7
599,2020-08-22,9876,1000,16292,6979.21
600,2020-08-23,9877,1001,16294,7028.06
601,2020-08-24,9878,1002,16296,7077.26
602,2020-08-25,9879,1003,16298,7126.8
603,2020-08-26,9880,1004,16300,7176.69
604,2020-08-27,9881,1005,16302,7226.93
605,2020-08-28,9882,1006,16304,7277.52
606,2020-08-29,9883,1007,16306,7328.46
607,2020-08-30,9884,1008,16308,7379.76
608,2020-08-31,9885,1009,16310,7431.42
609,2020-09-01,9886,1010,16312,7483.44
610,2020-09-02,9887,1011,16314,7535.82
611,2020-09-03,9888,1012,16316,7588.57
612,2020-09-04,9889,1013,16318,7641.69
613,2020-09-05,9890,1014,16320,7695.18
614,2020-09-06,9891,1015,16322,7749.05
615,2020-09-07,9892,1016,16324,7803.29
616,2020-09-08,9893,1017,16326,7857.91
617,2020-09-09,9894,1018,16328,7912.92
618,2020-09-10,9895,1019,16330,7968.31
619,2020-09-11,9896,1020,16332,8024.09
620,2020-09-12,9897,1021,16334,8080.26
621,2020-09-13,9898,1022,16336,8136.82
622,2020-09-14,9899,1023,16338,8193.78
623,2020-09-15,9900,1024,16340,8251.14
624,2020-09-16,9901,1025,16342,8308.9
625,2020-09-17,9902,1026,16344,8367.06
626,2020-09-18,9903,1027,16346,8425.63
627,2020-09-19,9904,1028,16348,8484.61
628,2020-09-20,9905,1029,16350,8544.0
629,2020-09-21,9906,1030,16352,8603.81
630,2020-09-22,9907,1031,16354,8664.04
631,2020-09-23,9908,1032,16356,8724.69
632,2020-09-24,9909,1033,16358,8785.76
633,2020-09-25,9910,1034,16360,8847.26
634,2020-09-26,9911,1035,16362,8909.19
635,2020-09-27,9912,1036,16364,8971.55
636,2020-09-28,9913,1037,16366,9034.35
637,2020-09-29,9914,1038,16368,9097.59
638,2020-09-30,9915,1039,16370,9161.27
639,2020-10-01,9919,1040,16373,9207.08
640,2020-10-02,9923,1041,16376,9253.12
641,2020-10-03,9927,1042,16379,9299.39
642,2020-10-04,9931,1043,16382,9345.89
643,2020-10-05,9935,1044,16385,9392.62
644,2020-10-06,9939,1045,16388,9439.58
645,2020-10-07,9943,1046,16391,9486.78
646,2020-10-08,9947,1047,16394,9534.21
647,2020-10-09,9951,1048,16397,9581.88
648,2020-10-10,9955,1049,16400,9629.79
649,2020-10-11,9959,1050,16403,9677.94
650,2020-10-12,9963,1051,16406,9726.33
651,2020-10-13,9967,1052,16409,9774.96
652,2020-10-14,9971,1053,16412,9823.83
653,2020-10-15,9975,1054,16415,9872.95
654,2020-10-16,9979,1055,16418,9922.31
655,2020-10-17,9983,1056,16421,9971.92
656,2020-10-18,9987,1057,16424,10021.78
657,2020-10-19,9991,1058,16427,10071.89
658,2020-10-20,9995,1059,16430,10122.25
659,2020-10-21,9999,1060,16433,10172.86
660,2020-10-22,10003,1061,16436,10223.72
661,2020-10-23,10007,1062,16439,10274.84
662,2020-10-24,10011,1063,16442,10326.21
663,2020-10-25,10015,1064,16445,10377.84
664,2020-10-26,10019,1065,16448,10429.73
665,2020-10-27,10023,1066,16451,10481.88
666,2020-10-28,10027,1067,16454,10534.29
667,2020-10-29,10031,1068,16457,10586.96
668,2020-10-30,10035,1069,16460,10639.89
669,2020-10-31,10039,1070,16463,10693.09
670,2020-11-01,10043,1071,16466,10746.56
671,2020-11-02,10047,1072,16469,10800.29
672,2020-11-03,10051,1073,16472,10854.29
673,2020-11-04,10055,1074,16475,10908.56
674,2020-11-05,10059,1075,16478,10963.1
675,2020-11-06,10063,1076,16481,11017.92
676,2020-11-07,10067,1077,16484,11073.01
677,2020-11-08,10071,1078,16487,11128.38
678,2020-11-09,10075,1079,16490,11184.02
679,2020-11-10,10079,1080,16493,11239.94
680,2020-11-11,10083,1081,16496,11296.14
681,2020-11-12,10087,1082,16499,11352.62
682,2020-11-13,10091,1083,16502,11409.38
683,2020-11-14,10095,1084,16505,11466.43
684,2020-11-15,10099,1085,16508,11523.76
685,2020-11-16,10103,1086,16511,11581.38
686,2020-11-17,10107,1087,16514,11639.29
687,2020-11-18,10111,1088,16517,11697.49
688,2020-11-19,10115,1089,16520,11755.98
689,2020-11-20,10119,1090,16523,11814.76
690,2020-11-21,10123,1091,16526,11873.83
691,2020-11-22,10127,1092,16529,11933.2
692,2020-11-23,10131,1093,16532,11992.87
693,2020-11-24,10135,1094,16535,12052.83
694,2020-11-25,10139,1095,16538,12113.09
695,2020-11-26,10143,1096,16541,12173.66
696,2020-11-27,10147,1097,16544,12234.53
697,2020-11-28,10151,1098,16547,12295.7
698,2020-11-29,10155,1099,16550,12357.18
699,2020-11-30,10159,1100,16553,12418.97
700,2020-12-01,10163,1101,16556,12481.06
701,2020-12-02,10167,1102,16559,12543.47
702,2020-12-03,10171,1103,16562,12606.19
703,2020-12-04,10175,1104,16565,12669.22
704,2020-12-05,10179,1105,16568,12732.57
705,2020-12-06,10183,1106,16571,12796.23
706,2020-12-07,10187,1107,16574,12860.21
707,2020-12-08,10191,1108,16577,12924.51
708,2020-12-09,10195,1109,16580,12989.13
709,2020-12-10,10199,1110,16583,13054.08
710,2020-12-11,10203,1111,16586,13119.35
711,2020-12-12,10207,1112,16589,13184.95
712,2020-12-13,10211,1113,16592,13250.87
713,2020-12-14,10215,1114,16595,13317.12
714,2020-12-15,10219,1115,16598,13383.71
715,2020-12-16,10223,1116,16601,13450.63
716,2020-12-17,10227,1117,16604,13517.88
717,2020-12-18,10231,1118,16607,13585.47
718,2020-12-19,10235,1119,16610,13653.4
719,2020-12-20,10239,1120,16613,13721.67
720,2020-12-21,10243,1121,16616,13790.28
721,2020-12-22,10247,1122,16619,13859.23
722,2020-12-23,10251,1123,16622,13928.53
723,2020-12-24,10255,1124,16625,13998.17
724,2020-12-25,10259,1125,16628,14068.16
725,2020-12-26,10263,1126,16631,14138.5
726,2020-12-27,10267,1127,16634,14209.19
727,2020-12-28,10271,1128,16637,14280.24
728,2020-12-29,10275,1129,16640,14351.64
729,2020-12-30,10279,1130,16643,14423.4
730,2020-12-31,10283,1131,16646,14495.52
731,2021-01-01,10284,1132,16648,14494.46
732,2021-01-02,10285,1133,16650,14493.4
733,2021-01-03,10286,1134,16652,14492.34
734,2021-01-04,10287,1135,16654,14491.28
735,2021-01-05,10288,1136,16656,14490.22
736,2021-01-06,10289,1137,16658,14489.16
737,2021-01-07,10290,1138,16660,14488.1
738,2021-01-08,10291,1139,16662,14487.04
739,2021-01-09,10292,1140,16664,14485.98
740,2021-01-10,10293,1141,16666,14484.92
741,2021-01-11,10294,1142,16668,14483.86
742,2021-01-12,10295,1143,16670,14482.8
743,2021-01-13,10296,1144,16672,14481.74
744,2021-01-14,10297,1145,16674,14480.68
745,2021-01-15,10298,1146,16676,14479.62
746,2021-01-16,10299,1147,16678,14478.56
747,2021-01-17,10300,1148,16680,14477.5
748,2021-01-18,10301,1149,16682,14476.44
749,2021-01-19,10302,1150,16684,14475.38
750,2021-01-20,10303,1151,16686,14474.32
751,2021-01-21,10304,1152,16688,14473.26
752,2021-01-22,10305,1153,16690,14472.2
753,2021-01-23,10306,1154,16692,14471.14
754,2021-01-24,10307,1155,16694,14470.08
755,2021-01-25,10308,1156,16696,14469.02
756,2021-01-26,10309,1157,16698,14467.96
757,2021-01-27,10310,1158,16700,14466.9
758,2021-01-28,10311,1159,16702,14465.84
759,2021-01-29,10312,1160,16704,14464.78
760,2021-01-30,10313,1161,16706,14463.72
761,2021-01-31,10314,1162,16708,14462.66
762,2021-02-01,10315,1163,16710,14461.6
763,2021-02-02,10316,1164,16712,14460.54
764,2021-02-03,10317,1165,16714,14459.48
765,2021-02-04,10318,1166,16716,14458.42
766,2021-02-05,10319,1167,16718,14457.36
767,2021-02-06,10320,1168,16720,14456.3
768,2021-02-07,10321,1169,16722,14455.24
769,2021-02-08,10322,1170,16724,14454.18
770,2021-02-09,10323,1171,16726,14453.12
771,2021-02-10,10324,1172,16728,14452.06
772,2021-02-11,10325,1173,16730,14451.0
773,2021-02-12,10326,1174,16732,14449.94
774,2021-02-13,10327,1175,16734,14448.88
775,2021-02-14,10328,1176,16736,14447.82
776,2021-02-15,10329,1177,16738,14446.76
777,2021-02-16,10330,1178,16740,14445.7
778,2021-02-17,10331,1179,16742,14444.64
779,2021-02-18,10332,1180,16744,14443.58
780,2021-02-19,10333,1181,16746,14442.52
781,2021-02-20,10334,1182,16748,14441.46
782,2021-02-21,10335,1183,16750,14440.4
783,2021-02-22,10336,1184,16752,14439.34
784,2021-02-23,10337,1185,16754,14438.28
785,2021-02-24,10338,1186,16756,14437.22
786,2021-02-25,10339,1187,16758,14436.16
787,2021-02-26,10340,1188,16760,14435.1
788,2021-02-27,10341,1189,16762,14434.04
789,2021-02-28,10342,1190,16764,14432.98
790,2021-03-01,10343,1191,16766,14431.92
791,2021-03-02,10344,1192,16768,14430.86
792,2021-03-03,10345,1193,16770,14429.8
793,2021-03-04,10346,1194,16772,14428.74
794,2021-03-05,10347,1195,16774,14427.68
795,2021-03-06,10348,1196,16776,14426.62
796,2021-03-07,10349,1197,16778,14425.56
797,2021-03-08,10350,1198,16780,14424.5
798,2021-03-09,10351,1199,16782,14423.44
799,2021-03-10,10352,1200,16784,14422.38
800,2021-03-11,10353,1201,16786,14421.32
801,2021-03-12,10354,1202,16788,14420.26
802,2021-03-13,10355,1203,16790,14419.2
803,2021-03-14,10356,1204,16792,14418.14
804,2021-03-15,10357,1205,16794,14417.08
805,2021-03-16,10358,1206,16796,14416.02
806,2021-03-17,10359,1207,16798,14414.96
807,2021-03-18,10360,1208,16800,14413.9
808,2021-03-19,10361,1209,16802,14412.84
809,2021-03-20,10362,1210,16804,14411.78
810,2021-03-21,10363,1211,16806,14410.72
811,2021-03-22,10364,1212,16808,14409.66
812,2021-03-23,10365,1213,16810,14408.6
813,2021-03-24,10366,1214,16812,14407.54
814,2021-03-25,10367,1215,16814,14406.48
815,2021-03-26,10368,1216,16816,14405.42
816,2021-03-27,10369,1217,16818,14404.36
817,2021-03-28,10370,1218,16820,14403.3
818,2021-03-29,10371,1219,16822,14402.24
819,2021-03-30,10372,1220,16824,14401.18
820,2021-03-31,10373,1221,16826,14400.12
821,2021-04-01,10374,1222,16828,14399.06
822,2021-04-02,10375,1223,16830,14398.0
823,2021-04-03,10376,1224,16832,14396.94
824,2021-04-04,10377,1225,16834,14395.88
825,2021-04-05,10378,1226,16836,14394.82
826,2021-04-06,10379,1227,16838,14393.76
827,2021-04-07,10380,1228,16840,14392.7
828,2021-04-08,10381,1229,16842,14391.64
829,2021-04-09,10382,1230,16844,14390.58
830,2021-04-10,10383,1231,16846,14389.52
831,2021-04-11,10384,1232,16848,14388.46
832,2021-04-12,10385,1233,16850,14387.4
833,2021-04-13,10386,1234,16852,14386.34
834,2021-04-14,10387,1235,16854,14385.28
835,2021-04-15,10388,1236,16856,14384.22
836,2021-04-16,10389,1237,16858,14383.16
837,2021-04-17,10390,1238,16860,14382.1
838,2021-04-18,10391,1239,16862,14381.04
839,2021-04-19,10392,1240,16864,14379.98
840,2021-04-20,10393,1241,16866,14378.92
841,2021-04-21,10394,1242,16868,14377.86
842,2021-04-22,10395,1243,16870,14376.8
843,2021-04-23,10396,1244,16872,14375.74
844,2021-04-24,10397,1245,16874,14374.68
845,2021-04-25,10398,1246,16876,14373.62
846,2021-04-26,10399,1247,16878,14372.56
847,2021-04-27,10400,1248,16880,14371.5
848,2021-04-28,10401,1249,16882,14370.44
849,2021-04-29,10402,1250,16884,14369.38
850,2021-04-30,10403,1251,16886,14368.32
851,2021-05-01,10404,1252,16888,14367.26
852,2021-05-02,10405,1253,16890,14366.2
853,2021-05-03,10406,1254,16892,14365.14
854,2021-05-04,10407,1255,16894,14364.08
855,2021-05-05,10408,1256,16896,14363.02
856,2021-05-06,10409,1257,16898,14361.96
857,2021-05-07,10410,1258,16900,14360.9
858,2021-05-08,10411,1259,16902,14359.84
859,2021-05-09,10412,1260,16904,14358.78
860,2021-05-10,10413,1261,16906,14357.72
861,2021-05-11,10414,1262,16908,14356.66
862,2021-05-12,10415,1263,16910,14355.6
863,2021-05-13,10416,1264,16912,14354.54
864,2021-05-14,10417,1265,16914,14353.48
865,2021-05-15,10418,1266,16916,14352.42
866,2021-05-16,10419,1267,16918,14351.36
867,2021-05-17,10420,1268,16920,14350.3
868,2021-05-18,10421,1269,16922,14349.24
869,2021-05-19,10422,1270,16924,14348.18
870,2021-05-20,10423,1271,16926,14347.12
871,2021-05-21,10424,1272,16928,14346.06
872,2021-05-22,10425,1273,16930,14345.0
873,2021-05-23,10426,1274,16932,14343.94
874,2021-05-24,10427,1275,16934,14342.88
875,2021-05-25,10428,1276,16936,14341.82
876,2021-05-26,10429,1277,16938,14340.76
877,2021-05-27,10430,1278,16940,14339.7
878,2021-05-28,10431,1279,16942,14338.64
879,2021-05-29,10432,1280,16944,14337.58
880,2021-05-30,10433,1281,16946,14336.52
881,2021-05-31,10434,1282,16948,14335.46
882,2021-06-01,10435,1283,16950,14334.4
883,2021-06-02,10436,1284,16952,14333.34
884,2021-06-03,10437,1285,16954,14332.28
885,2021-06-04,10438,1286,16956,14331.22
886,2021-06-05,10439,1287,16958,14330.16
887,2021-06-06,10440,1288,16960,14329.1
888,2021-06-07,10441,1289,16962,14328.04
889,2021-06-08,10442,1290,16964,14326.98
890,2021-06-09,10443,1291,16966,14325.92
891,2021-06-10,10444,1292,16968,14324.86
892,2021-06-11,10445,1293,16970,14323.8
893,2021-06-12,10446,1294,16972,14322.74
894,2021-06-13,10447,1295,16974,14321.68
895,2021-06-14,10448,1296,16976,14320.62
896,2021-06-15,10449,1297,16978,14319.56
897,2021-06-16,10450,1298,16980,14318.5
898,2021-06-17,10451,1299,16982,14317.44
899,2021-06-18,10452,1300,16984,14316.38
900,2021-06-19,10453,1301,16986,14315.32
901,2021-06-20,10454,1302,16988,14314.26
902,2021-06-21,10455,1303,16990,14313.2
903,2021-06-22,10456,1304,16992,14312.14
904,2021-06-23,10457,1305,16994,14311.08
905,2021-06-24,10458,1306,16996,14310.02
906,2021-06-25,10459,1307,16998,14308.96
907,2021-06-26,10460,1308,17000,14307.9
908,2021-06-27,10461,1309,17002,14306.84
909,2021-06-28,10462,1310,17004,14305.78
910,2021-06-29,10463,1311,17006,14304.72
911,2021-06-30,10464,1312,17008,14303.66
912,2021-07-01,10465,1313,17010,14302.6
913,2021-07-02,10466,1314,17012,14301.54
914,2021-07-03,10467,1315,17014,14300.48
915,2021-07-04,10468,1316,17016,14299.42
916,2021-07-05,10469,1317,17018,14298.36
917,2021-07-06,10470,1318,17020,14297.3
918,2021-07-07,10471,1319,17022,14296.24
919,2021-07-08,10472,1320,17024,14295.18
920,2021-07-09,10473,1321,17026,14294.12
921,2021-07-10,10474,1322,17028,14293.06
922,2021-07-11,10475,1323,17030,14292.0
923,2021-07-12,10476,1324,17032,14290.94
924,2021-07-13,10477,1325,17034,14289.88
925,2021-07-14,10478,1326,17036,14288.82
926,2021-07-15,10479,1327,17038,14287.76
927,2021-07-16,10480,1328,17040,14286.7
928,2021-07-17,10481,1329,17042,14285.64
929,2021-07-18,10482,1330,17044,14284.58
930,2021-07-19,10483,1331,17046,14283.52
931,2021-07-20,10484,1332,17048,14282.46
932,2021-07-21,10485,1333,17050,14281.4
933,2021-07-22,10486,1334,17052,14280.34
934,2021-07-23,10487,1335,17054,14279.28
935,2021-07-24,10488,1336,17056,14278.22
936,2021-07-25,10489,1337,17058,14277.16
937,2021-07-26,10490,1338,17060,14276.1
938,2021-07-27,10491,1339,17062,14275.04
939,2021-07-28,10492,1340,17064,14273.98
940,2021-07-29,10493,1341,17066,14272.92
941,2021-07-30,10494,1342,17068,14271.86
942,2021-07-31,10495,1343,17070,14270.8
943,2021-08-01,10496,1344,17072,14269.74
944,2021-08-02,10497,1345,17074,14268.68
945,2021-08-03,10498,1346,17076,14267.62
946,2021-08-04,10499,1347,17078,14266.56
947,2021-08-05,10500,1348,17080,14265.5
948,2021-08-06,10501,1349,17082,14264.44
949,2021-08-07,10502,1350,17084,14263.38
950,2021-08-08,10503,1351,17086,14262.32
951,2021-08-09,10504,1352,17088,14261.26
952,2021-08-10,10505,1353,17090,14260.2
953,2021-08-11,10506,1354,17092,14259.14
954,2021-08-12,10507,1355,17094,14258.08
955,2021-08-13,10508,1356,17096,14257.02
956,2021-08-14,10509,1357,17098,14255.96
957,2021-08-15,10510,1358,17100,14254.9
958,2021-08-16,10511,1359,17102,14253.84
959,2021-08-17,10512,1360,17104,14252.78
960,2021-08-18,10513,1361,17106,14251.72
961,2021-08-19,10514,1362,17108,14250.66
962,2021-08-20,10515,1363,17110,14249.6
963,2021-08-21,10516,1364,17112,14248.54
964,2021-08-22,10517,1365,17114,14247.48
965,2021-08-23,10518,1366,17116,14246.42
966,2021-08-24,10519,1367,17118,14245.36
967,2021-08-25,10520,1368,17120,14244.3
968,2021-08-26,10521,1369,17122,14243.24
969,2021-08-27,10522,1370,17124,14242.18
970,2021-08-28,10523,1371,17126,14241.12
971,2021-08-29,10524,1372,17128,14240.06
972,2021-08-30,10525,1373,17130,14239.0
973,2021-08-31,10526,1374,17132,14237.94
974,2021-09-01,10527,1375,17134,14236.88
975,2021-09-02,10528,1376,17136,14235.82
976,2021-09-03,10529,1377,17138,14234.76
977,2021-09-04,10530,1378,17140,14233.7
978,2021-09-05,10531,1379,17142,14232.64
979,2021-09-06,10532,1380,17144,14231.58
980,2021-09-07,10533,1381,17146,14230.52
981,2021-09-08,10534,1382,17148,14229.46
982,2021-09-09,10535,1383,17150,14228.4
983,2021-09-10,10536,1384,17152,14227.34
984,2021-09-11,10537,1385,17154,14226.28
985,2021-09-12,10538,1386,17156,14225.22
986,2021-09-13,10539,1387,17158,14224.16
987,2021-09-14,10540,1388,17160,14223.1
988,2021-09-15,10541,1389,17162,14222.04
989,2021-09-16,10542,1390,17164,14220.98
990,2021-09-17,10543,1391,17166,14219.92
991,2021-09-18,10544,1392,17168,14218.86
992,2021-09-19,10545,1393,17170,14217.8
993,2021-09-20,10546,1394,17172,14216.74
994,2021-09-21,10547,1395,17174,14215.68
995,2021-09-22,10548,1396,17176,14214.62
996,2021-09-23,10549,1397,17178,14213.56
997,2021-09-24,10550,1398,17180,14212.5
998,2021-09-25,10551,1399,17182,14211.44
999,2021-09-26,10552,1400,17184,14210.38
1000,2021-09-27,10553,1401,17186,14209.32
1001,2021-09-28,10554,1402,17188,14208.26
1002,2021-09-29,10555,1403,17190,14207.2
1003,2021-09-30,10556,1404,17192,14206.14
1004,2021-10-01,10560,1405,17195,14277.17
1005,2021-10-02,10564,1406,17198,14348.56
1006,2021-10-03,10568,1407,17201,14420.3
1007,2021-10-04,10572,1408,17204,14492.4
1008,2021-10-05,10576,1409,17207,14564.86
1009,2021-10-06,10580,1410,17210,14637.68
1010,2021-10-07,10584,1411,17213,14710.87
1011,2021-10-08,10588,1412,17216,14784.42
1012,2021-10-09,10592,1413,17219,14858.34
1013,2021-10-10,10596,1414,17222,14932.63
1014,2021-10-11,10600,1415,17225,15007.29
1015,2021-10-12,10604,1416,17228,15082.33
1016,2021-10-13,10608,1417,17231,15157.74
1017,2021-10-14,10612,1418,17234,15233.53
1018,2021-10-15,10616,1419,17237,15309.7
1019,2021-10-16,10620,1420,17240,15386.25
1020,2021-10-17,10624,1421,17243,15463.18
1021,2021-10-18,10628,1422,17246,15540.5
1022,2021-10-19,10632,1423,17249,15618.2
1023,2021-10-20,10636,1424,17252,15696.29
1024,2021-10-21,10640,1425,17255,15774.77
1025,2021-10-22,10644,1426,17258,15853.64
1026,2021-10-23,10648,1427,17261,15932.91
1027,2021-10-24,10652,1428,17264,16012.57
1028,2021-10-25,10656,1429,17267,16092.63
1029,2021-10-26,10660,1430,17270,16173.09
1030,2021-10-27,10664,1431,17273,16253.96
1031,2021-10-28,10668,1432,17276,16335.23
1032,2021-10-29,10672,1433,17279,16416.91
1033,2021-10-30,10676,1434,17282,16498.99
1034,2021-10-31,10680,1435,17285,16581.48
1035,2021-11-01,10684,1436,17288,16664.39
1036,2021-11-02,10688,1437,17291,16747.71
1037,2021-11-03,10692,1438,17294,16831.45
1038,2021-11-04,10696,1439,17297,16915.61
1039,2021-11-05,10700,1440,17300,17000.19
1040,2021-11-06,10704,1441,17303,17085.19
1041,2021-11-07,10708,1442,17306,17170.62
1042,2021-11-08,10712,1443,17309,17256.47
1043,2021-11-09,10716,1444,17312,17342.75
1044,2021-11-10,10720,1445,17315,17429.46
1045,2021-11-11,10724,1446,17318,17516.61
1046,2021-11-12,10728,1447,17321,17604.19
1047,2021-11-13,10732,1448,17324,17692.21
1048,2021-11-14,10736,1449,17327,17780.67
1049,2021-11-15,10740,1450,17330,17869.57
1050,2021-11-16,10744,1451,17333,17958.92
1051,2021-11-17,10748,1452,17336,18048.71
1052,2021-11-18,10752,1453,17339,18138.95
1053,2021-11-19,10756,1454,17342,18229.64
1054,2021-11-20,10760,1455,17345,18320.79
1055,2021-11-21,10764,1456,17348,18412.39
1056,2021-11-22,10768,1457,17351,18504.45
1057,2021-11-23,10772,1458,17354,18596.97
1058,2021-11-24,10776,1459,17357,18689.95
1059,2021-11-25,10780,1460,17360,18783.4
1060,2021-11-26,10784,1461,17363,18877.32
1061,2021-11-27,10788,1462,17366,18971.71
1062,2021-11-28,10792,1463,17369,19066.57
1063,2021-11-29,10796,1464,17372,19161.9
1064,2021-11-30,10800,1465,17375,19257.71
1065,2021-12-01,10804,1466,17378,19354.0
1066,2021-12-02,10808,1467,17381,19450.77
1067,2021-12-03,10812,1468,17384,19548.02
1068,2021-12-04,10816,1469,17387,19645.76
1069,2021-12-05,10820,1470,17390,19743.99
1070,2021-12-06,10824,1471,17393,19842.71
1071,2021-12-07,10828,1472,17396,19941.92
1072,2021-12-08,10832,1473,17399,20041.63
1073,2021-12-09,10836,1474,17402,20141.84
1074,2021-12-10,10840,1475,17405,20242.55
1075,2021-12-11,10844,1476,17408,20343.76
1076,2021-12-12,10848,1477,17411,20445.48
1077,2021-12-13,10852,1478,17414,20547.71
1078,2021-12-14,10856,1479,17417,20650.45
1079,2021-12-15,10860,1480,17420,20753.7
1080,2021-12-16,10864,1481,17423,20857.47
1081,2021-12-17,10868,1482,17426,20961.76
1082,2021-12-18,10872,1483,17429,21066.57
1083,2021-12-19,10876,1484,17432,21171.9
1084,2021-12-20,10880,1485,17435,21277.76
1085,2021-12-21,10884,1486,17438,21384.15
1086,2021-12-22,10888,1487,17441,21491.07
1087,2021-12-23,10892,1488,17444,21598.53
1088,2021-12-24,10896,1489,17447,21706.52
1089,2021-12-25,10900,1490,17450,21815.05
1090,2021-12-26,10904,1491,17453,21924.13
1091,2021-12-27,10908,1492,17456,22033.75
1092,2021-12-28,10912,1493,17459,22143.92
1093,2021-12-29,10916,1494,17462,22254.64
1094,2021-12-30,10920,1495,17465,22365.91
1095,2021-12-31,10924,1496,17468,22477.74
1096,2022-01-01,10924,1496,17468,22477.74
1097,2022-01-02,10924,1496,17468,22477.74
1098,2022-01-03,10924,1496,17468,22477.74
1099,2022-01-04,10924,1496,17468,22477.74
1100,2022-01-05,10924,1496,17468,22477.74
1101,2022-01-06,10924,1496,17468,22477.74
1102,2022-01-07,10924,1496,17468,22477.74
1103,2022-01-08,10924,1496,17468,22477.74
1104,2022-01-09,10924,1496,17468,22477.74
1105,2022-01-10,10924,1496,17468,22477.74
1106,2022-01-11,10924,1496,17468,22477.74
1107,2022-01-12,10924,1496,17468,22477.74
1108,2022-01-13,10924,1496,17468,22477.74
1109,2022-01-14,10924,1496,17468,22477.74
1110,2022-01-15,10924,1496,17468,22477.74
1111,2022-01-16,10924,1496,17468,22477.74
1112,2022-01-17,10924,1496,17468,22477.74
1113,2022-01-18,10924,1496,17468,22477.74
1114,2022-01-19,10924,1496,17468,22477.74
1115,2022-01-20,10924,1496,17468,22477.74
1116,2022-01-21,10924,1496,17468,22477.74
1117,2022-01-22,10924,1496,17468,22477.74
1118,2022-01-23,10924,1496,17468,22477.74
1119,2022-01-24,10924,1496,17468,22477.74
1120,2022-01-25,10924,1496,17468,22477.74
1121,2022-01-26,10924,1496,17468,22477.74
1122,2022-01-27,10924,1496,17468,22477.74
1123,2022-01-28,10924,1496,17468,22477.74
1124,2022-01-29,10924,1496,17468,22477.74
1125,2022-01-30,10924,1496,17468,22477.74
1126,2022-01-31,10924,1496,17468,22477.74
1127,2022-02-01,10924,1496,17468,22477.74
1128,2022-02-02,10924,1496,17468,22477.74
1129,2022-02-03,10924,1496,17468,22477.74
1130,2022-02-04,10924,1496,17468,22477.74
1131,2022-02-05,10924,1496,17468,22477.74
1132,2022-02-06,10924,1496,17468,22477.74
1133,2022-02-07,10924,1496,17468,22477.74
1134,2022-02-08,10924,1496,17468,22477.74
1135,2022-02-09,10924,1496,17468,22477.74
1136,2022-02-10,10924,1496,17468,22477.74
1137,2022-02-11,10924,1496,17468,22477.74
1138,2022-02-12,10924,1496,17468,22477.74
1139,2022-02-13,10924,1496,17468,22477.74
1140,2022-02-14,10924,1496,17468,22477.74
1141,2022-02-15,10924,1496,17468,22477.74
1142,2022-02-16,10924,1496,17468,22477.74
1143,2022-02-17,10924,1496,17468,22477.74
1144,2022-02-18,10924,1496,17468,22477.74
1145,2022-02-19,10924,1496,17468,22477.74
1146,2022-02-20,10924,1496,17468,22477.74
1147,2022-02-21,10924,1496,17468,22477.74
1148,2022-02-22,10924,1496,17468,22477.74
1149,2022-02-23,10924,1496,17468,22477.74
1150,2022-02-24,10924,1496,17468,22477.74
1151,2022-02-25,10924,1496,17468,22477.74
1152,2022-02-26,10924,1496,17468,22477.74
1153,2022-02-27,10924,1496,17468,22477.74
1154,2022-02-28,10924,1496,17468,22477.74
1155,2022-03-01,10924,1496,17468,22477.74
1156,2022-03-02,10924,1496,17468,22477.74
1157,2022-03-03,10924,1496,17468,22477.74
1158,2022-03-04,10924,1496,17468,22477.74
1159,2022-03-05,10924,1496,17468,22477.74
1160,2022-03-06,10924,1496,17468,22477.74
1161,2022-03-07,10924,1496,17468,22477.74
1162,2022-03-08,10924,1496,17468,22477.74
1163,2022-03-09,10924,1496,17468,22477.74
1164,2022-03-10,10924,1496,17468,22477.74
1165,2022-03-11,10924,1496,17468,22477.74
1166,2022-03-12,10924,1496,17468,22477.74
1167,2022-03-13,10924,1496,17468,22477.74
1168,2022-03-14,10924,1496,17468,22477.74
1169,2022-03-15,10924,1496,17468,22477.74
1170,2022-03-16,10924,1496,17468,22477.74
1171,2022-03-17,10924,1496,17468,22477.74
1172,2022-03-18,10924,1496,17468,22477.74
1173,2022-03-19,10924,1496,17468,22477.74
1174,2022-03-20,10924,1496,17468,22477.74
1175,2022-03-21,10924,1496,17468,22477.74
1176,2022-03-22,10924,1496,17468,22477.74
1177,2022-03-23,10924,1496,17468,22477.74
1178,2022-03-24,10924,1496,17468,22477.74
1179,2022-03-25,10924,1496,17468,22477.74
1180,2022-03-26,10924,1496,17468,22477.74
1181,2022-03-27,10924,1496,17468,22477.74
1182,2022-03-28,10924,1496,17468,22477.74
1183,2022-03-29,10924,1496,17468,22477.74
1184,2022-03-30,10924,1496,17468,22477.74
1185,2022-03-31,10924,1496,17468,22477.74
1186,2022-04-01,10924,1496,17468,22477.74
1187,2022-04-02,10924,1496,17468,22477.74
1188,2022-04-03,10924,1496,17468,22477.74
1189,2022-04-04,10924,1496,17468,22477.74
1190,2022-04-05,10924,1496,17468,22477.74
1191,2022-04-06,10924,1496,17468,22477.74
1192,2022-04-07,10924,1496,17468,22477.74
1193,2022-04-08,10924,1496,17468,22477.74
1194,2022-04-09,10924,1496,17468,22477.74
1195,2022-04-10,10924,1496,17468,22477.74
1196,2022-04-11,10924,1496,17468,22477.74
1197,2022-04-12,10924,1496,17468,22477.74
1198,2022-04-13,10924,1496,17468,22477.74
1199,2022-04-14,10924,1496,17468,22477.74
1200,2022-04-15,10924,1496,17468,22477.74
1201,2022-04-16,10924,1496,17468,22477.74
1202,2022-04-17,10924,1496,17468,22477.74
1203,2022-04-18,10924,1496,17468,22477.74
1204,2022-04-19,10924,1496,17468,22477.74
1205,2022-04-20,10924,1496,17468,22477.74
1206,2022-04-21,10924,1496,17468,22477.74
1207,2022-04-22,10924,1496,17468,22477.74
1208,2022-04-23,10924,1496,17468,22477.74
1209,2022-04-24,10924,1496,17468,22477.74
1210,2022-04-25,10924,1496,17468,22477.74
1211,2022-04-26,10924,1496,17468,22477.74
1212,2022-04-27,10924,1496,17468,22477.74
1213,2022-04-28,10924,1496,17468,22477.74
1214,2022-04-29,10924,1496,17468,22477.74
1215,2022-04-30,10924,1496,17468,22477.74
1216,2022-05-01,10924,1496,17468,22477.74
1217,2022-05-02,10924,1496,17468,22477.74
1218,2022-05-03,10924,1496,17468,22477.74
1219,2022-05-04,10924,1496,17468,22477.74
1220,2022-05-05,10924,1496,17468,22477.74
1221,2022-05-06,10924,1496,17468,22477.74
1222,2022-05-07,10924,1496,17468,22477.74
1223,2022-05-08,10924,1496,17468,22477.74
1224,2022-05-09,10924,1496,17468,22477.74
1225,2022-05-10,10924,1496,17468,22477.74
1226,2022-05-11,10924,1496,17468,22477.74
1227,2022-05-12,10924,1496,17468,22477.74
1228,2022-05-13,10924,1496,17468,22477.74
1229,2022-05-14,10924,1496,17468,22477.74
1230,2022-05-15,10924,1496,17468,22477.74
1231,2022-05-16,10924,1496,17468,22477.74
1232,2022-05-17,10924,1496,17468,22477.74
1233,2022-05-18,10924,1496,17468,22477.74
1234,2022-05-19,10924,1496,17468,22477.74
1235,2022-05-20,10924,1496,17468,22477.74
1236,2022-05-21,10924,1496,17468,22477.74
1237,2022-05-22,10924,1496,17468,22477.74
1238,2022-05-23,10924,1496,17468,22477.74
1239,2022-05-24,10924,1496,17468,22477.74
1240,2022-05-25,10924,1496,17468,22477.74
1241,2022-05-26,10924,1496,17468,22477.74
1242,2022-05-27,10924,1496,17468,22477.74
1243,2022-05-28,10924,1496,17468,22477.74
1244,2022-05-29,10924,1496,17468,22477.74
1245,2022-05-30,10924,1496,17468,22477.74
1246,2022-05-31,10924,1496,17468,22477.74
1247,2022-06-01,10924,1496,17468,22477.74
1248,2022-06-02,10924,1496,17468,22477.74
1249,2022-06-03,10924,1496,17468,22477.74
1250,2022-06-04,10924,1496,17468,22477.74
1251,2022-06-05,10924,1496,17468,22477.74
1252,2022-06-06,10924,1496,17468,22477.74
1253,2022-06-07,10924,1496,17468,22477.74
1254,2022-06-08,10924,1496,17468,22477.74
1255,2022-06-09,10924,1496,17468,22477.74
1256,2022-06-10,10924,1496,17468,22477.74
1257,2022-06-11,10924,1496,17468,22477.74
1258,2022-06-12,10924,1496,17468,22477.74
1259,2022-06-13,10924,1496,17468,22477.74
1260,2022-06-14,10924,1496,17468,22477.74
1261,2022-06-15,10924,1496,17468,22477.74
1262,2022-06-16,10924,1496,17468,22477.74
1263,2022-06-17,10924,1496,17468,22477.74
1264,2022-06-18,10924,1496,17468,22477.74
1265,2022-06-19,10924,1496,17468,22477.74
1266,2022-06-20,10924,1496,17468,22477.74
1267,2022-06-21,10924,1496,17468,22477.74
1268,2022-06-22,10924,1496,17468,22477.74
1269,2022-06-23,10924,1496,17468,22477.74
1270,2022-06-24,10924,1496,17468,22477.74
1271,2022-06-25,10924,1496,17468,22477.74
1272,2022-06-26,10924,1496,17468,22477.74
1273,2022-06-27,10924,1496,17468,22477.74
1274,2022-06-28,10924,1496,17468,22477.74
1275,2022-06-29,10924,1496,17468,22477.74
1276,2022-06-30,10924,1496,17468,22477.74
1277,2022-07-01,10924,1496,17468,22477.74
1278,2022-07-02,10924,1496,17468,22477.74
1279,2022-07-03,10924,1496,17468,22477.74
1280,2022-07-04,10924,1496,17468,22477.74
1281,2022-07-05,10924,1496,17468,22477.74
1282,2022-07-06,10924,1496,17468,22477.74
1283,2022-07-07,10924,1496,17468,22477.74
1284,2022-07-08,10924,1496,17468,22477.74
1285,2022-07-09,10924,1496,17468,22477.74
1286,2022-07-10,10924,1496,17468,22477.74
1287,2022-07-11,10924,1496,17468,22477.74
1288,2022-07-12,10924,1496,17468,22477.74
1289,2022-07-13,10924,1496,17468,22477.74
1290,2022-07-14,10924,1496,17468,22477.74
1291,2022-07-15,10924,1496,17468,22477.74
1292,2022-07-16,10924,1496,17468,22477.74
1293,2022-07-17,10924,1496,17468,22477.74
1294,2022-07-18,10924,1496,17468,22477.74
1295,2022-07-19,10924,1496,17468,22477.74
1296,2022-07-20,10924,1496,17468,22477.74
1297,2022-07-21,10924,1496,17468,22477.74
1298,2022-07-22,10924,1496,17468,22477.74
1299,2022-07-23,10924,1496,17468,22477.74
1300,2022-07-24,10924,1496,17468,22477.74
1301,2022-07-25,10924,1496,17468,22477.74
1302,2022-07-26,10924,1496,17468,22477.74
1303,2022-07-27,10924,1496,17468,22477.74
1304,2022-07-28,10924,1496,17468,22477.74
1305,2022-07-29,10924,1496,17468,22477.74
1306,2022-07-30,10924,1496,17468,22477.74
1307,2022-07-31,10924,1496,17468,22477.74
1308,2022-08-01,10924,1496,17468,22477.74
1309,2022-08-02,10924,1496,17468,22477.74
1310,2022-08-03,10924,1496,17468,22477.74
1311,2022-08-04,10924,1496,17468,22477.74
1312,2022-08-05,10924,1496,17468,22477.74
1313,2022-08-06,10924,1496,17468,22477.74
1314,2022-08-07,10924,1496,17468,22477.74
1315,2022-08-08,10924,1496,17468,22477.74
1316,2022-08-09,10924,1496,17468,22477.74
1317,2022-08-10,10924,1496,17468,22477.74
1318,2022-08-11,10924,1496,17468,22477.74
1319,2022-08-12,10924,1496,17468,22477.74
1320,2022-08-13,10924,1496,17468,22477.74
1321,2022-08-14,10924,1496,17468,22477.74
1322,2022-08-15,10924,1496,17468,22477.74
1323,2022-08-16,10924,1496,17468,22477.74
1324,2022-08-17,10924,1496,17468,22477.74
1325,2022-08-18,10924,1496,17468,22477.74
1326,2022-08-19,10924,1496,17468,22477.74
1327,2022-08-20,10924,1496,17468,22477.74
1328,2022-08-21,10924,1496,17468,22477.74
1329,2022-08-22,10924,1496,17468,22477.74
1330,2022-08-23,10924,1496,17468,22477.74
1331,2022-08-24,10924,1496,17468,22477.74
1332,2022-08-25,10924,1496,17468,22477.74
1333,2022-08-26,10924,1496,17468,22477.74
1334,2022-08-27,10924,1496,17468,22477.74
1335,2022-08-28,10924,1496,17468,22477.74
1336,2022-08-29,10924,1496,17468,22477.74
1337,2022-08-30,10924,1496,17468,22477.74
1338,2022-08-31,10924,1496,17468,22477.74
1339,2022-09-01,10924,1496,17468,22477.74
1340,2022-09-02,10924,1496,17468,22477.74
1341,2022-09-03,10924,1496,17468,22477.74
1342,2022-09-04,10924,1496,17468,22477.74
1343,2022-09-05,10924,1496,17468,22477.74
1344,2022-09-06,10924,1496,17468,22477.74
1345,2022-09-07,10924,1496,17468,22477.74
1346,2022-09-08,10924,1496,17468,22477.74
1347,2022-09-09,10924,1496,17468,22477.74
1348,2022-09-10,10924,1496,17468,22477.74
1349,2022-09-11,10924,1496,17468,22477.74
1350,2022-09-12,10924,1496,17468,22477.74
1351,2022-09-13,10924,1496,17468,22477.74
1352,2022-09-14,10924,1496,17468,22477.74
1353,2022-09-15,10924,1496,17468,22477.74
1354,2022-09-16,10924,1496,17468,22477.74
1355,2022-09-17,10924,1496,17468,22477.74
1356,2022-09-18,10924,1496,17468,22477.74
1357,2022-09-19,10924,1496,17468,22477.74
1358,2022-09-20,10924,1496,17468,22477.74
1359,2022-09-21,10924,1496,17468,22477.74
1360,2022-09-22,10924,1496,17468,22477.74
1361,2022-09-23,10924,1496,17468,22477.74
1362,2022-09-24,10924,1496,17468,22477.74
1363,2022-09-25,10924,1496,17468,22477.74
1364,2022-09-26,10924,1496,17468,22477.74
1365,2022-09-27,10924,1496,17468,22477.74
1366,2022-09-28,10924,1496,17468,22477.74
1367,2022-09-29,10924,1496,17468,22477.74
1368,2022-09-30,10924,1496,17468,22477.74
1369,2022-10-01,10924,1496,17468,22477.74
1370,2022-10-02,10924,1496,17468,22477.74
1371,2022-10-03,10924,1496,17468,22477.74
1372,2022-10-04,10924,1496,17468,22477.74
1373,2022-10-05,10924,1496,17468,22477.74
1374,2022-10-06,10924,1496,17468,22477.74
1375,2022-10-07,10924,1496,17468,22477.74
1376,2022-10-08,10924,1496,17468,22477.74
1377,2022-10-09,10924,1496,17468,22477.74
1378,2022-10-10,10924,1496,17468,22477.74
1379,2022-10-11,10924,1496,17468,22477.74
1380,2022-10-12,10924,1496,17468,22477.74
1381,2022-10-13,10924,1496,17468,22477.74
1382,2022-10-14,10924,1496,17468,22477.74
1383,2022-10-15,10924,1496,17468,22477.74
1384,2022-10-16,10924,1496,17468,22477.74
1385,2022-10-17,10924,1496,17468,22477.74
1386,2022-10-18,10924,1496,17468,22477.74
1387,2022-10-19,10924,1496,17468,22477.74
1388,2022-10-20,10924,1496,17468,22477.74
1389,2022-10-21,10924,1496,17468,22477.74
1390,2022-10-22,10924,1496,17468,22477.74
1391,2022-10-23,10924,1496,17468,22477.74
1392,2022-10-24,10924,1496,17468,22477.74
1393,2022-10-25,10924,1496,17468,22477.74
1394,2022-10-26,10924,1496,17468,22477.74
1395,2022-10-27,10924,1496,17468,22477.74
1396,2022-10-28,10924,1496,17468,22477.74
1397,2022-10-29,10924,1496,17468,22477.74
1398,2022-10-30,10924,1496,17468,22477.74
1399,2022-10-31,10924,1496,17468,22477.74
1400,2022-11-01,10924,1496,17468,22477.74
1401,2022-11-02,10924,1496,17468,22477.74
1402,2022-11-03,10924,1496,17468,22477.74
1403,2022-11-04,10924,1496,17468,22477.74
1404,2022-11-05,10924,1496,17468,22477.74
1405,2022-11-06,10924,1496,17468,22477.74
1406,2022-11-07,10924,1496,17468,22477.74
1407,2022-11-08,10924,1496,17468,22477.74
1408,2022-11-09,10924,1496,17468,22477.74
1409,2022-11-10,10924,1496,17468,22477.74
1410,2022-11-11,10924,1496,17468,22477.74
1411,2022-11-12,10924,1496,17468,22477.74
1412,2022-11-13,10924,1496,17468,22477.74
1413,2022-11-14,10924,1496,17468,22477.74
1414,2022-11-15,10924,1496,17468,22477.74
1415,2022-11-16,10924,1496,17468,22477.74
1416,2022-11-17,10924,1496,17468,22477.74
1417,2022-11-18,10924,1496,17468,22477.74
1418,2022-11-19,10924,1496,17468,22477.74
1419,2022-11-20,10924,1496,17468,22477.74
1420,2022-11-21,10924,1496,17468,22477.74
1421,2022-11-22,10924,1496,17468,22477.74
1422,2022-11-23,10924,1496,17468,22477.74
1423,2022-11-24,10924,1496,17468,22477.74
1424,2022-11-25,10924,1496,17468,22477.74
1425,2022-11-26,10924,1496,17468,22477.74
1426,2022-11-27,10924,1496,17468,22477.74
1427,2022-11-28,10924,1496,17468,22477.74
1428,2022-11-29,10924,1496,17468,22477.74
1429,2022-11-30,10924,1496,17468,22477.74
1430,2022-12-01,10924,1496,17468,22477.74
1431,2022-12-02,10924,1496,17468,22477.74
1432,2022-12-03,10924,1496,17468,22477.74
1433,2022-12-04,10924,1496,17468,22477.74
1434,2022-12-05,10924,1496,17468,22477.74
1435,2022-12-06,10924,1496,17468,22477.74
1436,2022-12-07,10924,1496,17468,22477.74
1437,2022-12-08,10924,1496,17468,22477.74
1438,2022-12-09,10924,1496,17468,22477.74
1439,2022-12-10,10924,1496,17468,22477.74
1440,2022-12-11,10924,1496,17468,22477.74
1441,2022-12-12,10924,1496,17468,22477.74
1442,2022-12-13,10924,1496,17468,22477.74
1443,2022-12-14,10924,1496,17468,22477.74
1444,2022-12-15,10924,1496,17468,22477.74
1445,2022-12-16,10924,1496,17468,22477.74
1446,2022-12-17,10924,1496,17468,22477.74
1447,2022-12-18,10924,1496,17468,22477.74
1448,2022-12-19,10924,1496,17468,22477.74
1449,2022-12-20,10924,1496,17468,22477.74
1450,2022-12-21,10924,1496,17468,22477.74
1451,2022-12-22,10924,1496,17468,22477.74
1452,2022-12-23,10924,1496,17468,22477.74
1453,2022-12-24,10924,1496,17468,22477.74
1454,2022-12-25,10924,1496,17468,22477.74
1455,2022-12-26,10924,1496,17468,22477.74
1456,2022-12-27,10924,1496,17468,22477.74
1457,2022-12-28,10924,1496,17468,22477.74
1458,2022-12-29,10924,1496,17468,22477.74
1459,2022-12-30,10924,1496,17468,22477.74
1460,2022-12-31,10924,1496,17468,22477.74
1461,2023-01-01,10924,1496,17468,22477.74
1462,2023-01-02,10924,1496,17468,22477.74
1463,2023-01-03,10924,1496,17468,22477.74
1464,2023-01-04,10924,1496,17468,22477.74
1465,2023-01-05,10924,1496,17468,22477.74
1466,2023-01-06,10924,1496,17468,22477.74
1467,2023-01-07,10924,1496,17468,22477.74
1468,2023-01-08,10924,1496,17468,22477.74
1469,2023-01-09,10924,1496,17468,22477.74
1470,2023-01-10,10924,1496,17468,22477.74
1471,2023-01-11,10924,1496,17468,22477.74
1472,2023-01-12,10924,1496,17468,22477.74
1473,2023-01-13,10924,1496,17468,22477.74
1474,2023-01-14,10924,1496,17468,22477.74
1475,2023-01-15,10924,1496,17468,22477.74
1476,2023-01-16,10924,1496,17468,22477.74
1477,2023-01-17,10924,1496,17468,22477.74
1478,2023-01-18,10924,1496,17468,22477.74
1479,2023-01-19,10924,1496,17468,22477.74
1480,2023-01-20,10924,1496,17468,22477.74
1481,2023-01-21,10924,1496,17468,22477.74
1482,2023-01-22,10924,1496,17468,22477.74
1483,2023-01-23,10924,1496,17468,22477.74
1484,2023-01-24,10924,1496,17468,22477.74
1485,2023-01-25,10924,1496,17468,22477.74
1486,2023-01-26,10924,1496,17468,22477.74
1487,2023-01-27,10924,1496,17468,22477.74
1488,2023-01-28,10924,1496,17468,22477.74
1489,2023-01-29,10924,1496,17468,22477.74
1490,2023-01-30,10924,1496,17468,22477.74
1491,2023-01-31,10924,1496,17468,22477.74
1492,2023-02-01,10924,1496,17468,22477.74
1493,2023-02-02,10924,1496,17468,22477.74
1494,2023-02-03,10924,1496,17468,22477.74
1495,2023-02-04,10924,1496,17468,22477.74
1496,2023-02-05,10924,1496,17468,22477.74
1497,2023-02-06,10924,1496,17468,22477.74
1498,2023-02-07,10924,1496,17468,22477.74
1499,2023-02-08,10924,1496,17468,22477.74
1500,2023-02-09,10924,1496,17468,22477.74
1501,2023-02-10,10924,1496,17468,22477.74
1502,2023-02-11,10924,1496,17468,22477.74
1503,2023-02-12,10924,1496,17468,22477.74
1504,2023-02-13,10924,1496,17468,22477.74
1505,2023-02-14,10924,1496,17468,22477.74
1506,2023-02-15,10924,1496,17468,22477.74
1507,2023-02-16,10924,1496,17468,22477.74
1508,2023-02-17,10924,1496,17468,22477.74
1509,2023-02-18,10924,1496,17468,22477.74
1510,2023-02-19,10924,1496,17468,22477.74
1511,2023-02-20,10924,1496,17468,22477.74
1512,2023-02-21,10924,1496,17468,22477.74
1513,2023-02-22,10924,1496,17468,22477.74
1514,2023-02-23,10924,1496,17468,22477.74
1515,2023-02-24,10924,1496,17468,22477.74
1516,2023-02-25,10924,1496,17468,22477.74
1517,2023-02-26,10924,1496,17468,22477.74
1518,2023-02-27,10924,1496,17468,22477.74
1519,2023-02-28,10924,1496,17468,22477.74
1520,2023-03-01,10924,1496,17468,22477.74
1521,2023-03-02,10924,1496,17468,22477.74
1522,2023-03-03,10924,1496,17468,22477.74
1523,2023-03-04,10924,1496,17468,22477.74
1524,2023-03-05,10924,1496,17468,22477.74
1525,2023-03-06,10924,1496,17468,22477.74
1526,2023-03-07,10924,1496,17468,22477.74
1527,2023-03-08,10924,1496,17468,22477.74
1528,2023-03-09,10924,1496,17468,22477.74
1529,2023-03-10,10924,1496,17468,22477.74
1530,2023-03-11,10924,1496,17468,22477.74
1531,2023-03-12,10924,1496,17468,22477.74
1532,2023-03-13,10924,1496,17468,22477.74
1533,2023-03-14,10924,1496,17468,22477.74
1534,2023-03-15,10924,1496,17468,22477.74
1535,2023-03-16,10924,1496,17468,22477.74
1536,2023-03-17,10924,1496,17468,22477.74
1537,2023-03-18,10924,1496,17468,22477.74
1538,2023-03-19,10924,1496,17468,22477.74
1539,2023-03-20,10924,1496,17468,22477.74
1540,2023-03-21,10924,1496,17468,22477.74
1541,2023-03-22,10924,1496,17468,22477.74
1542,2023-03-23,10924,1496,17468,22477.74
1543,2023-03-24,10924,1496,17468,22477.74
1544,2023-03-25,10924,1496,17468,22477.74
1545,2023-03-26,10924,1496,17468,22477.74
1546,2023-03-27,10924,1496,17468,22477.74
1547,2023-03-28,10924,1496,17468,22477.74
1548,2023-03-29,10924,1496,17468,22477.74
1549,2023-03-30,10924,1496,17468,22477.74
1550,2023-03-31,10924,1496,17468,22477.74
1551,2023-04-01,10924,1496,17468,22477.74
1552,2023-04-02,10924,1496,17468,22477.74
1553,2023-04-03,10924,1496,17468,22477.74
1554,2023-04-04,10924,1496,17468,22477.74
1555,2023-04-05,10924,1496,17468,22477.74
1556,2023-04-06,10924,1496,17468,22477.74
1557,2023-04-07,10924,1496,17468,22477.74
1558,2023-04-08,10924,1496,17468,22477.74
1559,2023-04-09,10924,1496,17468,22477.74
1560,2023-04-10,10924,1496,17468,22477.74
1561,2023-04-11,10924,1496,17468,22477.74
1562,2023-04-12,10924,1496,17468,22477.74
1563,2023-04-13,10924,1496,17468,22477.74
1564,2023-04-14,10924,1496,17468,22477.74
1565,2023-04-15,10924,1496,17468,22477.74
1566,2023-04-16,10924,1496,17468,22477.74
1567,2023-04-17,10924,1496,17468,22477.74
1568,2023-04-18,10924,1496,17468,22477.74
1569,2023-04-19,10924,1496,17468,22477.74
1570,2023-04-20,10924,1496,17468,22477.74
1571,2023-04-21,10924,1496,17468,22477.74
1572,2023-04-22,10924,1496,17468,22477.74
1573,2023-04-23,10924,1496,17468,22477.74
1574,2023-04-24,10924,1496,17468,22477.74
1575,2023-04-25,10924,1496,17468,22477.74
1576,2023-04-26,10924,1496,17468,22477.74
1577,2023-04-27,10924,1496,17468,22477.74
1578,2023-04-28,10924,1496,17468,22477.74
1579,2023-04-29,10924,1496,17468,22477.74
1580,2023-04-30,10924,1496,17468,22477.74
1581,2023-05-01,10924,1496,17468,22477.74
1582,2023-05-02,10924,1496,17468,22477.74
1583,2023-05-03,10924,1496,17468,22477.74
1584,2023-05-04,10924,1496,17468,22477.74
1585,2023-05-05,10924,1496,17468,22477.74
1586,2023-05-06,10924,1496,17468,22477.74
1587,2023-05-07,10924,1496,17468,22477.74
1588,2023-05-08,10924,1496,17468,22477.74
1589,2023-05-09,10924,1496,17468,22477.74
1590,2023-05-10,10924,1496,17468,22477.74
1591,2023-05-11,10924,1496,17468,22477.74
1592,2023-05-12,10924,1496,17468,22477.74
1593,2023-05-13,10924,1496,17468,22477.74
1594,2023-05-14,10924,1496,17468,22477.74
1595,2023-05-15,10924,1496,17468,22477.74
1596,2023-05-16,10924,1496,17468,22477.74
1597,2023-05-17,10924,1496,17468,22477.74
1598,2023-05-18,10924,1496,17468,22477.74
1599,2023-05-19,10924,1496,17468,22477.74
1600,2023-05-20,10924,1496,17468,22477.74
1601,2023-05-21,10924,1496,17468,22477.74
1602,2023-05-22,10924,1496,17468,22477.74
1603,2023-05-23,10924,1496,17468,22477.74
1604,2023-05-24,10924,1496,17468,22477.74
1605,2023-05-25,10924,1496,17468,22477.74
1606,2023-05-26,10924,1496,17468,22477.74
1607,2023-05-27,10924,1496,17468,22477.74
1608,2023-05-28,10924,1496,17468,22477.74
1609,2023-05-29,10924,1496,17468,22477.74
1610,2023-05-30,10924,1496,17468,22477.74
1611,2023-05-31,10924,1496,17468,22477.74
1612,2023-06-01,10924,1496,17468,22477.74
1613,2023-06-02,10924,1496,17468,22477.74
1614,2023-06-03,10924,1496,17468,22477.74
1615,2023-06-04,10924,1496,17468,22477.74
1616,2023-06-05,10924,1496,17468,22477.74
1617,2023-06-06,10924,1496,17468,22477.74
1618,2023-06-07,10924,1496,17468,22477.74
1619,2023-06-08,10924,1496,17468,22477.74
1620,2023-06-09,10924,1496,17468,22477.74
1621,2023-06-10,10924,1496,17468,22477.74
1622,2023-06-11,10924,1496,17468,22477.74
1623,2023-06-12,10924,1496,17468,22477.74
1624,2023-06-13,10924,1496,17468,22477.74
1625,2023-06-14,10924,1496,17468,22477.74
1626,2023-06-15,10924,1496,17468,22477.74
1627,2023-06-16,10924,1496,17468,22477.74
1628,2023-06-17,10924,1496,17468,22477.74
1629,2023-06-18,10924,1496,17468,22477.74
1630,2023-06-19,10924,1496,17468,22477.74
1631,2023-06-20,10924,1496,17468,22477.74
1632,2023-06-21,10924,1496,17468,22477.74
1633,2023-06-22,10924,1496,17468,22477.74
1634,2023-06-23,10924,1496,17468,22477.74
1635,2023-06-24,10924,1496,17468,22477.74
1636,2023-06-25,10924,1496,17468,22477.74
1637,2023-06-26,10924,1496,17468,22477.74
1638,2023-06-27,10924,1496,17468,22477.74
1639,2023-06-28,10924,1496,17468,22477.74
1640,2023-06-29,10924,1496,17468,22477.74
1641,2023-06-30,10924,1496,17468,22477.74
1642,2023-07-01,10924,1496,17468,22477.74
1643,2023-07-02,10924,1496,17468,22477.74
1644,2023-07-03,10924,1496,17468,22477.74
1645,2023-07-04,10924,1496,17468,22477.74
1646,2023-07-05,10924,1496,17468,22477.74
1647,2023-07-06,10924,1496,17468,22477.74
1648,2023-07-07,10924,1496,17468,22477.74
1649,2023-07-08,10924,1496,17468,22477.74
1650,2023-07-09,10924,1496,17468,22477.74
1651,2023-07-10,10924,1496,17468,22477.74
1652,2023-07-11,10924,1496,17468,22477.74
1653,2023-07-12,10924,1496,17468,22477.74
1654,2023-07-13,10924,1496,17468,22477.74
1655,2023-07-14,10924,1496,17468,22477.74
1656,2023-07-15,10924,1496,17468,22477.74
1657,2023-07-16,10924,1496,17468,22477.74
1658,2023-07-17,10924,1496,17468,22477.74
1659,2023-07-18,10924,1496,17468,22477.74
1660,2023-07-19,10924,1496,17468,22477.74
1661,2023-07-20,10924,1496,17468,22477.74
1662,2023-07-21,10924,1496,17468,22477.74
1663,2023-07-22,10924,1496,17468,22477.74
1664,2023-07-23,10924,1496,17468,22477.74
1665,2023-07-24,10924,1496,17468,22477.74
1666,2023-07-25,10924,1496,17468,22477.74
1667,2023-07-26,10924,1496,17468,22477.74
1668,2023-07-27,10924,1496,17468,22477.74
1669,2023-07-28,10924,1496,17468,22477.74
1670,2023-07-29,10924,1496,17468,22477.74
1671,2023-07-30,10924,1496,17468,22477.74
1672,2023-07-31,10924,1496,17468,22477.74
1673,2023-08-01,10924,1496,17468,22477.74
1674,2023-08-02,10924,1496,17468,22477.74
1675,2023-08-03,10924,1496,17468,22477.74
1676,2023-08-04,10924,1496,17468,22477.74
1677,2023-08-05,10924,1496,17468,22477.74
1678,2023-08-06,10924,1496,17468,22477.74
1679,2023-08-07,10924,1496,17468,22477.74
1680,2023-08-08,10924,1496,17468,22477.74
1681,2023-08-09,10924,1496,17468,22477.74
1682,2023-08-10,10924,1496,17468,22477.74
1683,2023-08-11,10924,1496,17468,22477.74
1684,2023-08-12,10924,1496,17468,22477.74
1685,2023-08-13,10924,1496,17468,22477.74
1686,2023-08-14,10924,1496,17468,22477.74
1687,2023-08-15,10924,1496,17468,22477.74
1688,2023-08-16,10924,1496,17468,22477.74
1689,2023-08-17,10924,1496,17468,22477.74
1690,2023-08-18,10924,1496,17468,22477.74
1691,2023-08-19,10924,1496,17468,22477.74
1692,2023-08-20,10924,1496,17468,22477.74
1693,2023-08-21,10924,1496,17468,22477.74
1694,2023-08-22,10924,1496,17468,22477.74
1695,2023-08-23,10924,1496,17468,22477.74
1696,2023-08-24,10924,1496,17468,22477.74
1697,2023-08-25,10924,1496,17468,22477.74
1698,2023-08-26,10924,1496,17468,22477.74
1699,2023-08-27,10924,1496,17468,22477.74
1700,2023-08-28,10924,1496,17468,22477.74
1701,2023-08-29,10924,1496,17468,22477.74
1702,2023-08-30,10924,1496,17468,22477.74
1703,2023-08-31,10924,1496,17468,22477.74
1704,2023-09-01,10924,1496,17468,22477.74
1705,2023-09-02,10924,1496,17468,22477.74
1706,2023-09-03,10924,1496,17468,22477.74
1707,2023-09-04,10924,1496,17468,22477.74
1708,2023-09-05,10924,1496,17468,22477.74
1709,2023-09-06,10924,1496,17468,22477.74
1710,2023-09-07,10924,1496,17468,22477.74
1711,2023-09-08,10924,1496,17468,22477.74
1712,2023-09-09,10924,1496,17468,22477.74
1713,2023-09-10,10924,1496,17468,22477.74
1714,2023-09-11,10924,1496,17468,22477.74
1715,2023-09-12,10924,1496,17468,22477.74
1716,2023-09-13,10924,1496,17468,22477.74
1717,2023-09-14,10924,1496,17468,22477.74
1718,2023-09-15,10924,1496,17468,22477.74
1719,2023-09-16,10924,1496,17468,22477.74
1720,2023-09-17,10924,1496,17468,22477.74
1721,2023-09-18,10924,1496,17468,22477.74
1722,2023-09-19,10924,1496,17468,22477.74
1723,2023-09-20,10924,1496,17468,22477.74
1724,2023-09-21,10924,1496,17468,22477.74
1725,2023-09-22,10924,1496,17468,22477.74
1726,2023-09-23,10924,1496,17468,22477.74
1727,2023-09-24,10924,1496,17468,22477.74
1728,2023-09-25,10924,1496,17468,22477.74
1729,2023-09-26,10924,1496,17468,22477.74
1730,2023-09-27,10924,1496,17468,22477.74
1731,2023-09-28,10924,1496,17468,22477.74
1732,2023-09-29,10924,1496,17468,22477.74
1733,2023-09-30,10924,1496,17468,22477.74
1734,2023-10-01,10924,1496,17468,22477.74
1735,2023-10-02,10924,1496,17468,22477.74
1736,2023-10-03,10924,1496,17468,22477.74
1737,2023-10-04,10924,1496,17468,22477.74
1738,2023-10-05,10924,1496,17468,22477.74
1739,2023-10-06,10924,1496,17468,22477.74
1740,2023-10-07,10924,1496,17468,22477.74
1741,2023-10-08,10924,1496,17468,22477.74
1742,2023-10-09,10924,1496,17468,22477.74
1743,2023-10-10,10924,1496,17468,22477.74
1744,2023-10-11,10924,1496,17468,22477.74
1745,2023-10-12,10924,1496,17468,22477.74
1746,2023-10-13,10924,1496,17468,22477.74
1747,2023-10-14,10924,1496,17468,22477.74
1748,2023-10-15,10924,1496,17468,22477.74
1749,2023-10-16,10924,1496,17468,22477.74
1750,2023-10-17,10924,1496,17468,22477.74
1751,2023-10-18,10924,1496,17468,22477.74
1752,2023-10-19,10924,1496,17468,22477.74
1753,2023-10-20,10924,1496,17468,22477.74
1754,2023-10-21,10924,1496,17468,22477.74
1755,2023-10-22,10924,1496,17468,22477.74
1756,2023-10-23,10924,1496,17468,22477.74
1757,2023-10-24,10924,1496,17468,22477.74
1758,2023-10-25,10924,1496,17468,22477.74
1759,2023-10-26,10924,1496,17468,22477.74
1760,2023-10-27,10924,1496,17468,22477.74
1761,2023-10-28,10924,1496,17468,22477.74
1762,2023-10-29,10924,1496,17468,22477.74
1763,2023-10-30,10924,1496,17468,22477.74
1764,2023-10-31,10924,1496,17468,22477.74
1765,2023-11-01,10924,1496,17468,22477.74
1766,2023-11-02,10924,1496,17468,22477.74
1767,2023-11-03,10924,1496,17468,22477.74
1768,2023-11-04,10924,1496,17468,22477.74
1769,2023-11-05,10924,1496,17468,22477.74
1770,2023-11-06,10924,1496,17468,22477.74
1771,2023-11-07,10924,1496,17468,22477.74
1772,2023-11-08,10924,1496,17468,22477.74
1773,2023-11-09,10924,1496,17468,22477.74
1774,2023-11-10,10924,1496,17468,22477.74
1775,2023-11-11,10924,1496,17468,22477.74
1776,2023-11-12,10924,1496,17468,22477.74
1777,2023-11-13,10924,1496,17468,22477.74
1778,2023-11-14,10924,1496,17468,22477.74
1779,2023-11-15,10924,1496,17468,22477.74
1780,2023-11-16,10924,1496,17468,22477.74
1781,2023-11-17,10924,1496,17468,22477.74
1782,2023-11-18,10924,1496,17468,22477.74
1783,2023-11-19,10924,1496,17468,22477.74
1784,2023-11-20,10924,1496,17468,22477.74
1785,2023-11-21,10924,1496,17468,22477.74
1786,2023-11-22,10924,1496,17468,22477.74
1787,2023-11-23,10924,1496,17468,22477.74
1788,2023-11-24,10924,1496,17468,22477.74
1789,2023-11-25,10924,1496,17468,22477.74
1790,2023-11-26,10924,1496,17468,22477.74
1791,2023-11-27,10924,1496,17468,22477.74
1792,2023-11-28,10924,1496,17468,22477.74
1793,2023-11-29,10924,1496,17468,22477.74
1794,2023-11-30,10924,1496,17468,22477.74
1795,2023-12-01,10924,1496,17468,22477.74
1796,2023-12-02,10924,1496,17468,22477.74
1797,2023-12-03,10924,1496,17468,22477.74
1798,2023-12-04,10924,1496,17468,22477.74
1799,2023-12-05,10924,1496,17468,22477.74
1800,2023-12-06,10924,1496,17468,22477.74
1801,2023-12-07,10924,1496,17468,22477.74
1802,2023-12-08,10924,1496,17468,22477.74
1803,2023-12-09,10924,1496,17468,22477.74
1804,2023-12-10,10924,1496,17468,22477.74
1805,2023-12-11,10924,1496,17468,22477.74
1806,2023-12-12,10924,1496,17468,22477.74
1807,2023-12-13,10924,1496,17468,22477.74
1808,2023-12-14,10924,1496,17468,22477.74
1809,2023-12-15,10924,1496,17468,22477.74
1810,2023-12-16,10924,1496,17468,22477.74
1811,2023-12-17,10924,1496,17468,22477.74
1812,2023-12-18,10924,1496,17468,22477.74
1813,2023-12-19,10924,1496,17468,22477.74
1814,2023-12-20,10924,1496,17468,22477.74
1815,2023-12-21,10924,1496,17468,22477.74
1816,2023-12-22,10924,1496,17468,22477.74
1817,2023-12-23,10924,1496,17468,22477.74
1818,2023-12-24,10924,1496,17468,22477.74
1819,2023-12-25,10924,1496,17468,22477.74
1820,2023-12-26,10924,1496,17468,22477.74
1821,2023-12-27,10924,1496,17468,22477.74
1822,2023-12-28,10924,1496,17468,22477.74
1823,2023-12-29,10924,1496,17468,22477.74
1824,2023-12-30,10924,1496,17468,22477.74
1825,2023-12-31,10924,1496,17468,22477.74
